OBJECTID,FEATURETYPE,DESCRIPTION,CLASS,FID,NAME,OPERATIONALSTATUS,OPERATOR,OWNER,ADDRESS,SUBURB,STATE,SPATIALCONFIDENCE,REVISED,COMMENT,LATITUDE,LONGITUDE
1,Fuel Depot,"A facility used for the bulk storage of petrol, oil, petroleum or other inflammable liquid for wholesale distribution and at 	which no retail trade is conducted",Fuel Depot,1,Thallon,Operational,,BP,Lot 302 & Lot 303 William Street,Thallon,Queensland,5,20121004,,-28.634914398,148.867088318
2,Fuel Depot,"A facility used for the bulk storage of petrol, oil, petroleum or other inflammable liquid for wholesale distribution and at 	which no retail trade is conducted",Fuel Depot,2,Miles,Operational,,Shell,McNulty Street,Miles,Queensland,5,20121004,Original Dataset had this location as BP depot. Deep looking into side streets via Street view showed Shell logo,-26.661458969,150.189727783
3,Fuel Depot,"A facility used for the bulk storage of petrol, oil, petroleum or other inflammable liquid for wholesale distribution and at 	which no retail trade is conducted",Fuel Depot,3,Roma,Operational,,Caltex,156 Raglan Street,Roma,Queensland,5,20121004,,-26.5794200899999,148.776565552
4,Fuel Depot,"A facility used for the bulk storage of petrol, oil, petroleum or other inflammable liquid for wholesale distribution and at 	which no retail trade is conducted",Fuel Depot,4,Roma,Operational,,BP,165 Raglan Street,Roma,Queensland,5,20121004,,-26.57910347,148.775489807
5,Fuel Depot,"A facility used for the bulk storage of petrol, oil, petroleum or other inflammable liquid for wholesale distribution and at 	which no retail trade is conducted",Fuel Depot,5,Emerald,Operational,Caltex Petroleum Services Pty Ltd,Caltex,Dundas Street,Emerald,Queensland,5,20121004,,-23.5240554809999,148.155151367
6,Fuel Depot,"A facility used for the bulk storage of petrol, oil, petroleum or other inflammable liquid for wholesale distribution and at 	which no retail trade is conducted",Fuel Depot,6,Emerald,Operational,,BP,Short Street,Emerald,Queensland,5,20121004,,-23.523798943,148.154724121
7,Fuel Depot,"A facility used for the bulk storage of petrol, oil, petroleum or other inflammable liquid for wholesale distribution and at 	which no retail trade is conducted",Fuel Depot,7,Hamilton,Operational,,Caltex,18 Hercules Street,Hamilton,Queensland,5,20121004,close to water,-27.438892365,153.068641663
8,Fuel Depot,"A facility used for the bulk storage of petrol, oil, petroleum or other inflammable liquid for wholesale distribution and at 	which no retail trade is conducted",Fuel Depot,8,Hemmant,Operational,,Caltex,Anton Road,Hemmant,Queensland,5,20121004,close to river,-27.430707932,153.132835388
9,Fuel Depot,"A facility used for the bulk storage of petrol, oil, petroleum or other inflammable liquid for wholesale distribution and at 	which no retail trade is conducted",Fuel Depot,9,Caboolture,Operational,,Caltex,Bribie Island Road,Caboolture,Queensland,5,20121004,close to river,-27.0869207379999,152.98097229
10,Fuel Depot,"A facility used for the bulk storage of petrol, oil, petroleum or other inflammable liquid for wholesale distribution and at 	which no retail trade is conducted",Fuel Depot,10,Caboolture,Operational,,Mobil,Caboolture Road,Caboolture,Queensland,5,20121004,close to river,-27.08754921,152.98059082
11,Fuel Depot,"A facility used for the bulk storage of petrol, oil, petroleum or other inflammable liquid for wholesale distribution and at 	which no retail trade is conducted",Fuel Depot,11,Cairns,Operational,,BP,13 Kenny Street,Portsmith,Queensland,5,20121004,beside of terminal complex but may not be receiving piped fuel but truck delivery i.e. Barrels,-16.9319362639999,145.775314331
12,Fuel Depot,"A facility used for the bulk storage of petrol, oil, petroleum or other inflammable liquid for wholesale distribution and at 	which no retail trade is conducted",Fuel Depot,12,Portsmith,Operational,,Caltex,5 Kenny Street,Portsmith,Queensland,5,20121004,,-16.9313383099999,145.776245117
13,Fuel Depot,"A facility used for the bulk storage of petrol, oil, petroleum or other inflammable liquid for wholesale distribution and at 	which no retail trade is conducted",Fuel Depot,13,HMAS Cairns,Operational,,Defence - RAN,Dutton Street,Portsmith,Queensland,5,20121004,,-16.9345149989999,145.777671814
14,Fuel Depot,"A facility used for the bulk storage of petrol, oil, petroleum or other inflammable liquid for wholesale distribution and at 	which no retail trade is conducted",Fuel Depot,14,Goondiwindi,Operational,Caltex Petroleum Services Pty Ltd,Caltex,Old Cunningham Highway,Goondiwindi,Queensland,3,20121004,Unsure if Depot as not on Caltex Web site and New Truck stop would be a duplication. But might be original Depot. In-between indie of river bend & Racecourse,-28.53890419,150.313240051
15,Fuel Depot,"A facility used for the bulk storage of petrol, oil, petroleum or other inflammable liquid for wholesale distribution and at 	which no retail trade is conducted",Fuel Depot,15,Goondiwindi,Operational,,BP,Racecourse Road,Goondiwindi,Queensland,5,20121004,"2 upright & 4 laying down small tanks plus sheds associated with open air station , station may also have tanks",-28.534380913,150.315078735
16,Fuel Depot,"A facility used for the bulk storage of petrol, oil, petroleum or other inflammable liquid for wholesale distribution and at 	which no retail trade is conducted",Fuel Depot,16,Beaudesert,Operational,South East Queensland Fuels Pty Ltd,Caltex,162 Brisbane Street,Beaudesert,Queensland,5,20121004,large sheds associated with vehicle repairs and tyres,-27.974256516,152.993812561
17,Fuel Depot,"A facility used for the bulk storage of petrol, oil, petroleum or other inflammable liquid for wholesale distribution and at 	which no retail trade is conducted",Fuel Depot,17,Bigerra Waters,Operational,South East Queensland Fuels Pty Ltd,Caltex,2 Gibbs Street,Bigerra Waters,Queensland,5,20121004,part of complex hiring equipment with open air station facilities,-27.9335556029999,153.383117676
18,Fuel Depot,"A facility used for the bulk storage of petrol, oil, petroleum or other inflammable liquid for wholesale distribution and at 	which no retail trade is conducted",Fuel Depot,18,Rocklea,Operational,South East Queensland Fuels Pty Ltd,Caltex,61 Ashover Road,Rocklea,Queensland,5,20121004,"part of distribution complex i.e. lots of ""small"" plus ""larger"" tankers as well. Open Air layout. With station facilities",-27.56036377,153.006187439
19,Fuel Depot,"A facility used for the bulk storage of petrol, oil, petroleum or other inflammable liquid for wholesale distribution and at 	which no retail trade is conducted",Fuel Depot,19,Dalby,Operational,Country Petroleum Pty Ltd,Caltex,58 Loudoun Road,Dalby,Queensland,5,20121004,"Depot adjacent to station, station partly undercover",-27.183818817,151.237335205
20,Fuel Depot,"A facility used for the bulk storage of petrol, oil, petroleum or other inflammable liquid for wholesale distribution and at 	which no retail trade is conducted",Fuel Depot,20,Gympie,Operational,,Caltex,7 Bath Terrace,Gympie,Queensland,5,20121004,Fenced depot adjoining residential building. Next to railway. 4 laying down 2 upright med tanks,-26.1754055019999,152.677604675
21,Fuel Depot,"A facility used for the bulk storage of petrol, oil, petroleum or other inflammable liquid for wholesale distribution and at 	which no retail trade is conducted",Fuel Depot,21,Maryborough,Operational,Fraser Coast Fuel Pty Ltd,Caltex,182 Kent Street,Maryborough,Queensland,5,20121004,2 large upright tanks plus warehouse building,-25.544683456,152.710952759
22,Fuel Depot,"A facility used for the bulk storage of petrol, oil, petroleum or other inflammable liquid for wholesale distribution and at 	which no retail trade is conducted",Fuel Depot,22,Nikenbah,Operational,Fraser Coast Fuel Pty Ltd,Caltex,39 Chapel Road,Nikenbah,Queensland,5,20121004,6 lay down tanks as part of service complex. Depot fenced off,-25.3178558349999,152.804466248
23,Fuel Depot,"A facility used for the bulk storage of petrol, oil, petroleum or other inflammable liquid for wholesale distribution and at 	which no retail trade is conducted",Fuel Depot,23,Gladstone,Operational,Central Queensland Petroleum Pty Ltd,Caltex,12 Chapple Street,Gladstone,Queensland,5,20121004,"Warehouse buildings, Close to River and mangroves, port Curtis and Curtis island national park 10km 300m to fish markets",-23.8417930599999,151.245651245
24,Fuel Depot,"A facility used for the bulk storage of petrol, oil, petroleum or other inflammable liquid for wholesale distribution and at 	which no retail trade is conducted",Fuel Depot,24,Longreach,Operational,,Mobil,Kite Street,Longreach,Queensland,5,20121004,4 Large Upright tanks plus warehouse with internal station,-23.439109802,144.248344421
25,Fuel Depot,"A facility used for the bulk storage of petrol, oil, petroleum or other inflammable liquid for wholesale distribution and at 	which no retail trade is conducted",Fuel Depot,25,Longreach,Operational,Caltex Petroleum Services Pty Ltd,Caltex,Kite Street,Longreach,Queensland,5,20121004,1 med + 3 small lay down tanks plus external station,-23.4395504,144.247886658
26,Fuel Depot,"A facility used for the bulk storage of petrol, oil, petroleum or other inflammable liquid for wholesale distribution and at 	which no retail trade is conducted",Fuel Depot,26,North Rockhampton,Operational,Central Queensland Petroleum Pty Ltd,Caltex,43 Dooley Street,North Rockhampton,Queensland,5,20121004,6 Tall large upright 1 laying down above ground tanks plus warehouse and associated external station,-23.360601425,150.511550903
27,Fuel Depot,"A facility used for the bulk storage of petrol, oil, petroleum or other inflammable liquid for wholesale distribution and at 	which no retail trade is conducted",Fuel Depot,27,Paget,Operational,Crokers Fuel & Oils Pty Ltd,Caltex,11 Connors Road,Paget,Queensland,5,20121004,"Can only see station facility, has capacity for trucks, has warehouse capacity",-21.169118881,149.161941528
28,Fuel Depot,"A facility used for the bulk storage of petrol, oil, petroleum or other inflammable liquid for wholesale distribution and at 	which no retail trade is conducted",Fuel Depot,28,Proserpine,Operational,Crokers Fuel & Oils Pty Ltd,Caltex,15 Anzac Road,Proserpine,Queensland,5,20121004,"Street view not showing Station Capacity, Compound also too small for public access plus trucks",-20.405200958,148.577705383
29,Fuel Depot,"A facility used for the bulk storage of petrol, oil, petroleum or other inflammable liquid for wholesale distribution and at 	which no retail trade is conducted",Fuel Depot,29,Ayr,Operational,Tropic Distributors Pty Ltd,Caltex,101 Edwards Street,Ayr,Queensland,4,20121004,Very small operation with in ground tanks & warehouse for lubricants plus small above ground laying down tank.,-19.571296692,147.40221405
30,Fuel Depot,"A facility used for the bulk storage of petrol, oil, petroleum or other inflammable liquid for wholesale distribution and at 	which no retail trade is conducted",Fuel Depot,30,Garbutt,Operational,Tropic Distributors Pty Ltd,Caltex,26 Pilkington Street,Garbutt,Queensland,5,20121004,Large compound with truck capacity delivering 'FUCHS' lubricants and Caltex fuels. Tropic distributors web site states it as a lub warehouse at 26 Pilkington,-19.2670650479999,146.768127441
31,Fuel Depot,"A facility used for the bulk storage of petrol, oil, petroleum or other inflammable liquid for wholesale distribution and at 	which no retail trade is conducted",Fuel Depot,31,Tully,Operational,Tropic Distributors Pty Ltd,Caltex,59456 Bruce Highway,Tully,Queensland,5,20121004,station and depot in street view tall bowsers visible inside compound so assuming underground tanks as well. Tropic distributors web site lists this as lubes warehouse only but truck bowser is seen,-17.9305877689999,145.934532166
32,Fuel Depot,"A facility used for the bulk storage of petrol, oil, petroleum or other inflammable liquid for wholesale distribution and at 	which no retail trade is conducted",Fuel Depot,32,Ayr,Operational,,BP,48 Lynch Street,Ayr,Queensland,5,20121004,Depot Only 4 Med Laying down tanks. not able to get close in Street view,-19.571361542,147.393936157
33,Fuel Depot,"A facility used for the bulk storage of petrol, oil, petroleum or other inflammable liquid for wholesale distribution and at 	which no retail trade is conducted",Fuel Depot,33,Biloela,Operational,,Shell,5 Burnett Highway,Biloela,Queensland,5,20121004,"2010 empty of stock so my be decommissioned, Depot only 2 med 3 small lay down tanks plus warehouse",-24.4043617249999,150.512283325
34,Fuel Depot,"A facility used for the bulk storage of petrol, oil, petroleum or other inflammable liquid for wholesale distribution and at 	which no retail trade is conducted",Fuel Depot,34,Biloela,Operational,Reliance Petroleum,BP,1 Burnett Highway,Biloela,Queensland,5,20121004,Station & Depot. 4 med 1 large lay down tanks. Plus barrel warehouse,-24.404045105,150.511901855
35,Fuel Depot,"A facility used for the bulk storage of petrol, oil, petroleum or other inflammable liquid for wholesale distribution and at 	which no retail trade is conducted",Fuel Depot,35,Ingham,Operational,,BP,1-3 Challands Street,Ingham,Queensland,5,20121004,"Emerald St not near the location digitised. Large Facility with fence for compound, Aerial indicated may also be station, 4 large 1 small lay down tanks, Street view not available to confirm more details",-18.6705780029999,146.151756287
36,Fuel Depot,"A facility used for the bulk storage of petrol, oil, petroleum or other inflammable liquid for wholesale distribution and at 	which no retail trade is conducted",Fuel Depot,36,Mackay,Operational,Reliance Petroleum,BP,Harbour Road,Mackay,Queensland,4,20121004,"Very large depot, enclosed & open warehouses, Barrels visible, opposite swamp",-21.111026764,149.211021423
37,Fuel Depot,"A facility used for the bulk storage of petrol, oil, petroleum or other inflammable liquid for wholesale distribution and at 	which no retail trade is conducted",Fuel Depot,37,Mareeba,Operational,,BP,Woodhouse Street,Mareeba,Queensland,5,20121004,Large depot with station out of compound. 5 tanker sized lay down tanks,-16.972489357,145.413772583
38,Fuel Depot,"A facility used for the bulk storage of petrol, oil, petroleum or other inflammable liquid for wholesale distribution and at 	which no retail trade is conducted",Fuel Depot,38,Bundaberg,Operational,Caltex Energy Queensland,Caltex,2A Collins Street,Bundaberg East,Queensland,5,20121004,"large compound 4 large upright and 1 med lay down above ground tank, plus warehouse and associated station",-24.855321884,152.37046051
39,Fuel Depot,"A facility used for the bulk storage of petrol, oil, petroleum or other inflammable liquid for wholesale distribution and at 	which no retail trade is conducted",Fuel Depot,39,Caltex,Operational,,Caltex,26-30 Stolzenberg Road,Kingaroy,Queensland,5,20121004,"Not on Caltex web site. 4 tanker sized lay down and 2 smaller lay down above ground tanks, 100 m from school",-26.557430267,151.837783813
40,Fuel Depot,"A facility used for the bulk storage of petrol, oil, petroleum or other inflammable liquid for wholesale distribution and at 	which no retail trade is conducted",Fuel Depot,40,Mareeba,Operational,,Caltex,Reynolds Street,Mareeba,Queensland,5,20121004,"Station & Depot, 2 tanker sized 2 1/2 tanker sized lay down above ground tanks plus 2 upright Med tanks",-17.005657196,145.420028687
41,Fuel Depot,"A facility used for the bulk storage of petrol, oil, petroleum or other inflammable liquid for wholesale distribution and at 	which no retail trade is conducted",Fuel Depot,41,Toowoomba,Operational,,BP,252 Anzac Avenue,Toowoomba,Queensland,5,20121004,"steel warehouses, 4 large upright & 3 tanker sized lay down above ground tanks",-27.5789699549999,151.921852112
42,Fuel Depot,"A facility used for the bulk storage of petrol, oil, petroleum or other inflammable liquid for wholesale distribution and at 	which no retail trade is conducted",Fuel Depot,42,Nambour,Operational,,BP,Lot 3 Bli Bli Road,Nambour,Queensland,5,20121004,"Open air warehouse, Barrels out in open, Assuming in ground tanks",-26.616571426,152.984085083
43,Fuel Depot,"A facility used for the bulk storage of petrol, oil, petroleum or other inflammable liquid for wholesale distribution and at 	which no retail trade is conducted",Fuel Depot,43,Wondai,Operational,Reliance Petroleum,BP,11 Greenview Road,Wondai,Queensland,5,20121004,Med operation 3 highly elevated lay down tanks plus open air shed & small enclosed warehouse,-26.319858551,151.867828369
44,Fuel Depot,"A facility used for the bulk storage of petrol, oil, petroleum or other inflammable liquid for wholesale distribution and at 	which no retail trade is conducted",Fuel Depot,44,Bundaberg,Operational,Reliance Petroleum,BP,33 Princess Street,Bundaberg East,Queensland,5,20121004,"enclosed warehouse, Open air shed, 4 tanker sized lay down & 2 small lay down & 1 large lay down tank. workshop and barrels, Backing sediment ponds of sewer treatment plants, 150m",-24.859416962,152.367950439
45,Fuel Depot,"A facility used for the bulk storage of petrol, oil, petroleum or other inflammable liquid for wholesale distribution and at 	which no retail trade is conducted",Fuel Depot,45,Blackall Roadhouse,Operational,,BP,7 Garden Street,Blackall,Queensland,4,20121004,"major Truck Stop/Depot, Large workshop/warehouse and station, barrels, 5 Large lay down above ground  tanks plus 1 LPG",-24.4287242889999,145.474868774
46,Fuel Depot,"A facility used for the bulk storage of petrol, oil, petroleum or other inflammable liquid for wholesale distribution and at 	which no retail trade is conducted",Fuel Depot,46,Toowoomba,Operational,,Caltex,383 Taylor Street,Wilsonton,Queensland,4,20121004,"Next to Wreckers, Road subject to flooding, Steel warehouse. unable to see more than 1above ground tank Assuming in ground tanks, 2 gas tanks",-27.549606323,151.90549469
47,Fuel Depot,"A facility used for the bulk storage of petrol, oil, petroleum or other inflammable liquid for wholesale distribution and at 	which no retail trade is conducted",Fuel Depot,47,St George,Operational,,Mobil,156 Thallon Road,St George,Queensland,5,20121004,"suspect flood plain i.e. elevated building, 6 large lay down tanks, plus warehouse plus office",-28.0454101559999,148.590736389
48,Fuel Depot,"A facility used for the bulk storage of petrol, oil, petroleum or other inflammable liquid for wholesale distribution and at 	which no retail trade is conducted",Fuel Depot,48,Fyshwick,Operational,Shell,Shell,16 Ipswich Street,Fyshwick,Australian Capital Territory,5,20121004,"Depot Only, Delivery by rail. 3 large upright tanks. Metal tank bowser sheds",-35.3273658749999,149.165351868
49,Fuel Depot,"A facility used for the bulk storage of petrol, oil, petroleum or other inflammable liquid for wholesale distribution and at 	which no retail trade is conducted",Fuel Depot,49,Fyshwick,Operational,BP,BP,17 Barrier Street,Fyshwick,Australian Capital Territory,5,20121004,"Depot Only, 1 large upright tank in 'rusty condition' decommissioned See aerial plus 1 large 3 small upright & 7 Med lay down tanks. plus steel sheds and brick office fibro roof, Delivery by rail not current",-35.3288421629999,149.171287537
50,Fuel Depot,"A facility used for the bulk storage of petrol, oil, petroleum or other inflammable liquid for wholesale distribution and at 	which no retail trade is conducted",Fuel Depot,50,Fyshwick,Operational,Mobil,Mobil,15 Barrier Street,Fyshwick,Australian Capital Territory,5,20121004,"Depot Only, Delivery by Rail,  6 Large + 4 Med +8 Small Upright and 2 tanker sized + 2 med + 3 small lay down tanks  and steel sheds and besser brick office & Barrels",-35.329418182,149.172363281
51,Fuel Depot,"A facility used for the bulk storage of petrol, oil, petroleum or other inflammable liquid for wholesale distribution and at 	which no retail trade is conducted",Fuel Depot,51,Canberra (Fyshwick),Operational,Caltex,Caltex,11 Barrier Street,Fyshwick,Australian Capital Territory,5,20121004,"Depot Only, Delivery by rail, 3 large + 7 med + 3 small upright tanks, Plus open water tank connected to pump house and red piping assuming fire fighting, Open Air steel sheds and brick office",-35.3299713129999,149.17339325
52,Fuel Depot,"A facility used for the bulk storage of petrol, oil, petroleum or other inflammable liquid for wholesale distribution and at 	which no retail trade is conducted",Fuel Depot,52,Eden,Operational,Caltex,Caltex,Lot 23 Ben Boyd Drive,Eden,New South Wales,4,20121004,"8 lay Down tanks + 1 lay down tank possibly for GAS, Roofed metal shelter. Up on a steep hill",-37.038478851,149.891540527
53,Fuel Depot,"A facility used for the bulk storage of petrol, oil, petroleum or other inflammable liquid for wholesale distribution and at 	which no retail trade is conducted",Fuel Depot,53,Temora Fuel Distributors,Operational,Temora Fuel Distributors,BP,9 Ironbark Street,Temora,New South Wales,5,20121004,"3 med + 1 med + 1 separate lay down tank, 2 med lay down tanks in workshop area + 1 possibly Decommissioned tank. Steel Warehouse & brick office",-34.447685242,147.552978516
54,Fuel Depot,"A facility used for the bulk storage of petrol, oil, petroleum or other inflammable liquid for wholesale distribution and at 	which no retail trade is conducted",Fuel Depot,54,Dubbo,Operational,Inland Petroleum,BP,105 Erskine Street,Dubbo,New South Wales,5,20121004,"Station as well, 1 Terminal sized upright + 10 med tall upright tanks, Delivery by rail, shop as well brick/steel enclosed barrel warehouse",-32.24432373,148.610267639
55,Fuel Depot,"A facility used for the bulk storage of petrol, oil, petroleum or other inflammable liquid for wholesale distribution and at 	which no retail trade is conducted",Fuel Depot,55,Dubbo,Operational,Lowes Petroleum Service,Mobil,107 Erskine Street,Dubbo,New South Wales,5,20121004,"Station as well, 5 large + 2 small upright tanks, Steel warehouse and brick station. has possibly large water tank seen in aerial not in street view next to warehouse, Delivery by rail",-32.2444725039999,148.611152649
56,Fuel Depot,"A facility used for the bulk storage of petrol, oil, petroleum or other inflammable liquid for wholesale distribution and at 	which no retail trade is conducted",Fuel Depot,56,Dubbo,Operational,Shell,Shell,109-113 Erskine Street,Dubbo,New South Wales,5,20121004,"Station as well, 1 terminal sized + 1 small upright tanks and 2 large lay down tanks, rail access, Enclosed steel warehouse, Steel roof for tank bowser",-32.2447319029999,148.61239624
57,Fuel Depot,"A facility used for the bulk storage of petrol, oil, petroleum or other inflammable liquid for wholesale distribution and at 	which no retail trade is conducted",Fuel Depot,57,DSF Tamworth,Operational,,BP,27-29 Gunnedah Road,Taminda,New South Wales,5,20121004,"Station as well, unable to see more than open Air roof for tanker bowser, Assuming in ground tanks, Assuming rail delivery piping can be seen from at back of site, Steel warehouse + Barrels",-31.096356392,150.905761719
58,Fuel Depot,"A facility used for the bulk storage of petrol, oil, petroleum or other inflammable liquid for wholesale distribution and at 	which no retail trade is conducted",Fuel Depot,58,Tamworth,Operational,,Mobil,9 Hinkler Road,Taminda,New South Wales,5,20121004,"Station as well, A large Long warehouse plus station office, Street view limited view but tanks are tall with 2  terminal sized plus from aerial 1 large and 4 med upright tanks",-31.0958194729999,150.904136658
59,Fuel Depot,"A facility used for the bulk storage of petrol, oil, petroleum or other inflammable liquid for wholesale distribution and at 	which no retail trade is conducted",Fuel Depot,59,Tuggerah,Operational,,Caltex,2 Johnson Road,Tuggerah,New South Wales,5,20121004,"4 tanker sized + 2 small lay down tanks, Steel Shed, Covered tank bowser, barrels",-33.2942886349999,151.421600342
60,Fuel Depot,"A facility used for the bulk storage of petrol, oil, petroleum or other inflammable liquid for wholesale distribution and at 	which no retail trade is conducted",Fuel Depot,60,Wauchope,Operational,,Caltex,198 High Street,Wauchope,New South Wales,4,20121004,"Street view show small depot, Detail blocked by station,  Brick building, Caged gas storage compound, next to playground at water tank",-31.464997292,152.722442627
61,Fuel Depot,"A facility used for the bulk storage of petrol, oil, petroleum or other inflammable liquid for wholesale distribution and at 	which no retail trade is conducted",Fuel Depot,61,Casino,Operational,Caltex Energy NSW,Caltex,28-32 Dyraaba Street,Casino,New South Wales,5,20121004,"Station as well, Large Complex, Steel sheds and open air warehouse, Barrels, 10 Tanker sized lay down Tanks. Next to railway bend and level crossing",-28.8548660279999,153.04460144
62,Fuel Depot,"A facility used for the bulk storage of petrol, oil, petroleum or other inflammable liquid for wholesale distribution and at 	which no retail trade is conducted",Fuel Depot,62,Bega,Operational,,Caltex,36 Lagoon Street,Bega,New South Wales,5,20121004,"Station as well, Next to BEGA cheese factory 100m, Open Air steel shed and office, Wooden Workshop, 1 tanker sized + 1 med lay down tank and 4 small upright tanks. Barrels",-36.668167114,149.828567505
63,Fuel Depot,"A facility used for the bulk storage of petrol, oil, petroleum or other inflammable liquid for wholesale distribution and at 	which no retail trade is conducted",Fuel Depot,63,Moruya,Operational,,Caltex,26 Campbell Street,Moruya,New South Wales,5,20121004,"Steel Sheds, Brick/Corrugated Steel Office, close to residents. 3 Tanker Sized + 1 small lay down tank And 1 med upright tank",-35.910499573,150.071144104
64,Fuel Depot,"A facility used for the bulk storage of petrol, oil, petroleum or other inflammable liquid for wholesale distribution and at 	which no retail trade is conducted",Fuel Depot,64,Milton,Operational,Kel Campbell Pty Ltd,Independent,345 Princes Highway,Milton,New South Wales,4,20121004,"Station as well, 2 Large + 5 small + 1 med Lay down tank, Besser brick office and Station",-35.331546783,150.44934082
65,Fuel Depot,"A facility used for the bulk storage of petrol, oil, petroleum or other inflammable liquid for wholesale distribution and at 	which no retail trade is conducted",Fuel Depot,65,Bomen,Operational,Tasco Inland Australia Pty Ltd,Caltex,34 Lewington Street,Bomen,New South Wales,5,20121004,"Diesel bowser only, truck stop as well, Rail delivery, street view too far away for details. Large steel roof cover, 1 tall terminal sized + 3 lower terminal sized and 1 large & 4 medium upright tanks",-35.0701980589999,147.412200928
66,Fuel Depot,"A facility used for the bulk storage of petrol, oil, petroleum or other inflammable liquid for wholesale distribution and at 	which no retail trade is conducted",Fuel Depot,66,Goulburn,Operational,,Caltex,13-15 Sloane Street,Goulburn,New South Wales,2,20121004,"Steel warehouses, Steel offices and sheds",-34.774209976,149.708984375
67,Fuel Depot,"A facility used for the bulk storage of petrol, oil, petroleum or other inflammable liquid for wholesale distribution and at 	which no retail trade is conducted",Fuel Depot,67,Cootamundra,Operational,South West Fuel Centre Pty Ltd,Caltex,26 Hovell Street,Cootamundra,New South Wales,5,20121004,"Station as well. Steel shed, barrels, Gas bottles",-34.6362667079999,148.034851074
68,Fuel Depot,"A facility used for the bulk storage of petrol, oil, petroleum or other inflammable liquid for wholesale distribution and at 	which no retail trade is conducted",Fuel Depot,68,Port Kembla,Operational,Kel Campbell Pty Ltd,Caltex,5 Flinders Street,Port Kembla,New South Wales,5,20121004,Only diesel available. Street view 2009 above ground tanks not visible. might be a complete site refurbishment. Sloping block near harbour,-34.470874786,150.894638062
69,Fuel Depot,"A facility used for the bulk storage of petrol, oil, petroleum or other inflammable liquid for wholesale distribution and at 	which no retail trade is conducted",Fuel Depot,69,Griffith,Operational,F & R N McNabb Pty Ltd,Caltex,2 Mackay Avenue,Griffith,New South Wales,5,20121004,Station as well. unable to see much more than steel warehouse,-34.290985107,146.063064575
70,Fuel Depot,"A facility used for the bulk storage of petrol, oil, petroleum or other inflammable liquid for wholesale distribution and at 	which no retail trade is conducted",Fuel Depot,70,Griffith,Operational,,Shell,6 Mackay Highway,Griffith,New South Wales,2,20121004,Depot plus Diesel only  truck stop,-34.2911720279999,146.063812256
71,Fuel Depot,"A facility used for the bulk storage of petrol, oil, petroleum or other inflammable liquid for wholesale distribution and at 	which no retail trade is conducted",Fuel Depot,71,Port Kembla,Operational,,Shell,87-89 Flinders Street,Port Kembla,New South Wales,5,20121004,Found under commercial fuels (Diesel extra) on shell web site,-34.469631195,150.895645142
72,Fuel Depot,"A facility used for the bulk storage of petrol, oil, petroleum or other inflammable liquid for wholesale distribution and at 	which no retail trade is conducted",Fuel Depot,72,Leppington,Operational,,Mobil,Bringelly Road,Leppington,New South Wales,5,20121004,"Station as well, Doubled up record in stations Data",-33.9518623349999,150.811393738
73,Fuel Depot,"A facility used for the bulk storage of petrol, oil, petroleum or other inflammable liquid for wholesale distribution and at 	which no retail trade is conducted",Fuel Depot,73,West Wyalong,Operational,Oilsplus Pty Ltd,Caltex,Lot 2 Chauvel Street,West Wyalong,New South Wales,5,20121004,Station as well,-33.925794601,147.197814941
74,Fuel Depot,"A facility used for the bulk storage of petrol, oil, petroleum or other inflammable liquid for wholesale distribution and at 	which no retail trade is conducted",Fuel Depot,74,Penrith,Operational,W & A Willmington Pty Ltd,Caltex,2195 Castlereagh Road,Penrith,New South Wales,5,20121004,"Station as well, Large Barn compound. Suspect in ground tanks. Used as fleet depot as well",-33.7427253719999,150.692871094
75,Fuel Depot,"A facility used for the bulk storage of petrol, oil, petroleum or other inflammable liquid for wholesale distribution and at 	which no retail trade is conducted",Fuel Depot,75,Oberon,Operational,Oilsplus Pty Ltd,Caltex,63 Lowes Mt Road,Oberon,New South Wales,5,20121004,,-33.6950683589999,149.856887817
76,Fuel Depot,"A facility used for the bulk storage of petrol, oil, petroleum or other inflammable liquid for wholesale distribution and at 	which no retail trade is conducted",Fuel Depot,76,Orange,Operational,Oilsplus Pty Ltd,Caltex,34-38 Peisley Street,Orange,New South Wales,5,20121004,Rail delivery large and small colour bond sheds in compound. separate office for station,-33.295303345,149.101852417
77,Fuel Depot,"A facility used for the bulk storage of petrol, oil, petroleum or other inflammable liquid for wholesale distribution and at 	which no retail trade is conducted",Fuel Depot,77,Dubbo,Operational,,Caltex,178 Fitzroy Street,Dubbo,New South Wales,5,20121004,"colour bond sheds, 1 brick pump house, 1 fibro weatherboard, Rail delivery",-32.2453842159999,148.615081787
78,Fuel Depot,"A facility used for the bulk storage of petrol, oil, petroleum or other inflammable liquid for wholesale distribution and at 	which no retail trade is conducted",Fuel Depot,78,Broken Hill,Operational,Tasco Inland Australia Pty Ltd,Caltex,5 Kanandah Road,Broken Hill,New South Wales,5,20121004,Mostly Depot 1 Diesel pump outside of Compound,-31.984405518,141.432937622
79,Fuel Depot,"A facility used for the bulk storage of petrol, oil, petroleum or other inflammable liquid for wholesale distribution and at 	which no retail trade is conducted",Fuel Depot,79,Broken Hill,Operational,Bromson Energy,Independent,22 Kanandah Road,Broken Hill,New South Wales,5,20121004,Mostly gas supplier and associated gas appliances next to ElGAS Depot with internal UniGAS tank. Plus petrol station,-31.986528397,141.430953979
80,Fuel Depot,"A facility used for the bulk storage of petrol, oil, petroleum or other inflammable liquid for wholesale distribution and at 	which no retail trade is conducted",Fuel Depot,80,Tamworth (Nemingha),Operational,,Caltex,428 Armidale Road,Nemingha,New South Wales,5,20121004,"Station as well, open aired barrel storage shed, not using rail delivery",-31.122700691,150.97555542
81,Fuel Depot,"A facility used for the bulk storage of petrol, oil, petroleum or other inflammable liquid for wholesale distribution and at 	which no retail trade is conducted",Fuel Depot,81,Coonamble,Operational,,Caltex,Quambone Road,Coonamble,New South Wales,4,20121004,,-30.954102516,148.37928772
82,Fuel Depot,"A facility used for the bulk storage of petrol, oil, petroleum or other inflammable liquid for wholesale distribution and at 	which no retail trade is conducted",Fuel Depot,82,D G & R J Boland,Operational,,Caltex,Lot 4 James Street,Narrabri,New South Wales,5,20121004,,-30.33014679,149.793991089
83,Fuel Depot,"A facility used for the bulk storage of petrol, oil, petroleum or other inflammable liquid for wholesale distribution and at 	which no retail trade is conducted",Fuel Depot,83,Woolgoolga,Operational,,Caltex,16 Bosworth Road,Woolgoolga,New South Wales,5,20121004,,-30.125751495,153.194282532
84,Fuel Depot,"A facility used for the bulk storage of petrol, oil, petroleum or other inflammable liquid for wholesale distribution and at 	which no retail trade is conducted",Fuel Depot,84,Bourke,Operational,,Caltex,85 Anson Street,Bourke,New South Wales,5,20121004,,-30.0950717929999,145.941429138
85,Fuel Depot,"A facility used for the bulk storage of petrol, oil, petroleum or other inflammable liquid for wholesale distribution and at 	which no retail trade is conducted",Fuel Depot,85,Inverell,Operational,,Caltex,73 Ring Street,Inverell,New South Wales,5,20121004,,-29.7620124819999,151.114204407
86,Fuel Depot,"A facility used for the bulk storage of petrol, oil, petroleum or other inflammable liquid for wholesale distribution and at 	which no retail trade is conducted",Fuel Depot,86,Inverell,Operational,,Caltex,4 Edward Street,Inverell,New South Wales,5,20121004,station bowser overgrown with grass,-29.761222839,151.114730835
87,Fuel Depot,"A facility used for the bulk storage of petrol, oil, petroleum or other inflammable liquid for wholesale distribution and at 	which no retail trade is conducted",Fuel Depot,87,D G & R J Boland,Operational,,Caltex,Lot 1 Gosport Street,Moree,New South Wales,5,20121004,,-29.47606945,149.847717285
88,Fuel Depot,"A facility used for the bulk storage of petrol, oil, petroleum or other inflammable liquid for wholesale distribution and at 	which no retail trade is conducted",Fuel Depot,88,Murwillumbah,Operational,Caltex Petroleum Services Pty Ltd,Caltex,39 Lundberg Drive,Murwillumbah,New South Wales,5,20121004,,-28.332566261,153.421310425
89,Fuel Depot,"A facility used for the bulk storage of petrol, oil, petroleum or other inflammable liquid for wholesale distribution and at 	which no retail trade is conducted",Fuel Depot,89,Wagga,Operational,,Mobil,24 Lake Albert Road,Kooringal,New South Wales,5,20121004,,-35.1223411559999,147.376861572
90,Fuel Depot,"A facility used for the bulk storage of petrol, oil, petroleum or other inflammable liquid for wholesale distribution and at 	which no retail trade is conducted",Fuel Depot,90,Goulburn,Operational,,Mobil,23 Braidwood Road,Goulburn,New South Wales,5,20121004,Large Depot with one bowser probably for delivery trucks,-34.762130737,149.71711731
91,Fuel Depot,"A facility used for the bulk storage of petrol, oil, petroleum or other inflammable liquid for wholesale distribution and at 	which no retail trade is conducted",Fuel Depot,91,Griffith,Operational,Mobil,Mobil,30-34 Banna Avenue,Griffith,New South Wales,5,20121004,,-34.290533066,146.059524536
92,Fuel Depot,"A facility used for the bulk storage of petrol, oil, petroleum or other inflammable liquid for wholesale distribution and at 	which no retail trade is conducted",Fuel Depot,92,West Wyalong,Operational,,BP,Railway Road,West Wyalong,New South Wales,5,20121004,,-33.9343872069999,147.215454102
93,Fuel Depot,"A facility used for the bulk storage of petrol, oil, petroleum or other inflammable liquid for wholesale distribution and at 	which no retail trade is conducted",Fuel Depot,93,Ballina,Operational,Reliance Petroleum,BP,3 Southern Cross Drive,Ballina,New South Wales,5,20121004,,-28.852401733,153.556564331
94,Fuel Depot,"A facility used for the bulk storage of petrol, oil, petroleum or other inflammable liquid for wholesale distribution and at 	which no retail trade is conducted",Fuel Depot,94,Forbes,Operational,,BP,13-15 Union Street,Forbes,New South Wales,5,20121004,,-33.377574921,148.01020813
95,Fuel Depot,"A facility used for the bulk storage of petrol, oil, petroleum or other inflammable liquid for wholesale distribution and at 	which no retail trade is conducted",Fuel Depot,95,Orange,Operational,,BP,197-199 Margaret Street,Orange,New South Wales,5,20121004,,-33.271835327,149.107879639
96,Fuel Depot,"A facility used for the bulk storage of petrol, oil, petroleum or other inflammable liquid for wholesale distribution and at 	which no retail trade is conducted",Fuel Depot,96,Cowra,Operational,WestOils Petroleum Pty Ltd,BP,12 Campbell Street,Cowra,New South Wales,5,20121004,,-33.838024139,148.697784424
97,Fuel Depot,"A facility used for the bulk storage of petrol, oil, petroleum or other inflammable liquid for wholesale distribution and at 	which no retail trade is conducted",Fuel Depot,97,Grafton,Operational,,BP,13 Orara Street,Grafton,New South Wales,5,20121004,Might have Station as well i.e. has tanker bowser plus shelter,-29.670122147,152.918167114
98,Fuel Depot,"A facility used for the bulk storage of petrol, oil, petroleum or other inflammable liquid for wholesale distribution and at 	which no retail trade is conducted",Fuel Depot,98,Bathurst,Operational,,BP,33 Vale Road,Bathurst,New South Wales,5,20121004,,-33.4380493159999,149.577972412
99,Fuel Depot,"A facility used for the bulk storage of petrol, oil, petroleum or other inflammable liquid for wholesale distribution and at 	which no retail trade is conducted",Fuel Depot,99,Eden,Operational,Caltex Energy Eden,Caltex,86 Imlay Street,Eden,New South Wales,5,20121004,,-37.057098389,149.90385437
100,Fuel Depot,"A facility used for the bulk storage of petrol, oil, petroleum or other inflammable liquid for wholesale distribution and at 	which no retail trade is conducted",Fuel Depot,100,Armidale,Operational,Caltex Energy NSW,Caltex,146 Miller Street,Armidale,New South Wales,5,20121004,,-30.513612747,151.647994995
101,Fuel Depot,"A facility used for the bulk storage of petrol, oil, petroleum or other inflammable liquid for wholesale distribution and at 	which no retail trade is conducted",Fuel Depot,101,Armidale,Operational,Lowes Fuels/Lubes Group,Lowes Fuels/Lubes Group,1 McLennan Street,Armidale,New South Wales,5,20121004,Lowes Web site not listing as service station but bowsers and price advertising displayed,-30.511030197,151.648170471
102,Fuel Depot,"A facility used for the bulk storage of petrol, oil, petroleum or other inflammable liquid for wholesale distribution and at 	which no retail trade is conducted",Fuel Depot,102,Bulahdelah,Operational,Caltex,Caltex,Lot 5 Mahogany Street,Bulahdelah,New South Wales,5,20121004,Isolated depot only one bowser,-32.398454666,152.210586548
103,Fuel Depot,"A facility used for the bulk storage of petrol, oil, petroleum or other inflammable liquid for wholesale distribution and at 	which no retail trade is conducted",Fuel Depot,103,Snowstop,Operational,,BP,4 Sharp Street,Cooma,New South Wales,5,20121004,,-36.2281665799999,149.135803223
104,Fuel Depot,"A facility used for the bulk storage of petrol, oil, petroleum or other inflammable liquid for wholesale distribution and at 	which no retail trade is conducted",Fuel Depot,104,Deniliquin,Operational,,BP,157 Hardinge Street,Deniliquin,New South Wales,5,20121004,Unsure of mix of business. Street view poor quality,-35.532102585,144.951629639
105,Fuel Depot,"A facility used for the bulk storage of petrol, oil, petroleum or other inflammable liquid for wholesale distribution and at 	which no retail trade is conducted",Fuel Depot,105,Coleambally,Operational,,BP,2 Calrose Avenue,Coleambally,New South Wales,4,20121004,Unsure if Above ground tanks installed not in aerials 2009 but in street view 2008,-34.802513123,145.891723633
106,Fuel Depot,"A facility used for the bulk storage of petrol, oil, petroleum or other inflammable liquid for wholesale distribution and at 	which no retail trade is conducted",Fuel Depot,106,Gulgong,Operational,BP,BP,13 Railway Avenue,Gulgong,New South Wales,5,20121004,Depot with single bowser and 24 hr system,-32.359455109,149.546180725
107,Fuel Depot,"A facility used for the bulk storage of petrol, oil, petroleum or other inflammable liquid for wholesale distribution and at 	which no retail trade is conducted",Fuel Depot,107,Darling River Fuels,Operational,,BP,2-8 Martin Street,Wilcannia,New South Wales,5,20121004,"Home, Small Depot with station. go fishing in Darling River at morning tea. adjacent to river",-31.562286377,143.375839233
108,Fuel Depot,"A facility used for the bulk storage of petrol, oil, petroleum or other inflammable liquid for wholesale distribution and at 	which no retail trade is conducted",Fuel Depot,108,Macksville,Operational,M & R J Webb  Pty Ltd,BP,4 Partridge Street,Macksville,New South Wales,5,20121004,Depot adjacent to tourist shopping centre car park and amidst commercial centre,-30.708433151,152.921302795
109,Fuel Depot,"A facility used for the bulk storage of petrol, oil, petroleum or other inflammable liquid for wholesale distribution and at 	which no retail trade is conducted",Fuel Depot,109,Warrnambool,Operational,,BP,17 Albert Street,Warrnambool,Victoria,5,20121004,Very large well spaced out depot with small station as well,-38.371959686,142.459159851
110,Fuel Depot,"A facility used for the bulk storage of petrol, oil, petroleum or other inflammable liquid for wholesale distribution and at 	which no retail trade is conducted",Fuel Depot,110,Corio,Operational,Chisholm Petroleum,Caltex,258-266 Princes Highway,Corio,Victoria,5,20121004,Old Ampol site now part of Caltex. both with separate stations one depot for fuel the other for lubes,-38.078502655,144.36592865
111,Fuel Depot,"A facility used for the bulk storage of petrol, oil, petroleum or other inflammable liquid for wholesale distribution and at 	which no retail trade is conducted",Fuel Depot,111,Ballarat,Operational,Ampol,Ampol,1117 La Trobe Street,Ballarat,Victoria,5,20121004,"Medium Depot, Possible residential operator",-37.570989609,143.815353394
112,Fuel Depot,"A facility used for the bulk storage of petrol, oil, petroleum or other inflammable liquid for wholesale distribution and at 	which no retail trade is conducted",Fuel Depot,112,Bendigo,Operational,Caltex,Caltex,45 Sandhurst Road,Bendigo,Victoria,5,20121004,Large Depot Only,-36.7315864559999,144.264312744
113,Fuel Depot,"A facility used for the bulk storage of petrol, oil, petroleum or other inflammable liquid for wholesale distribution and at 	which no retail trade is conducted",Fuel Depot,113,Bendigo,Operational,Tasco Inland,Tasco Inland,40 Rohs Road,Bendigo,Victoria,5,20121004,Phone conversation confirms web site as 40 Rohs Rd. Conversation confirms depot at Sandhurst rd decommissioned and now at 40 Rohs Rd. Battleaxe block so Street view unclear,-36.741790771,144.317993164
114,Fuel Depot,"A facility used for the bulk storage of petrol, oil, petroleum or other inflammable liquid for wholesale distribution and at 	which no retail trade is conducted",Fuel Depot,114,Bendigo,Operational,Reliance,BP,43A Sandhurst Road,Bendigo,Victoria,5,20121004,Not identified in original Depot dataset. Depot only with rail access,-36.7309570309999,144.263908386
115,Fuel Depot,"A facility used for the bulk storage of petrol, oil, petroleum or other inflammable liquid for wholesale distribution and at 	which no retail trade is conducted",Fuel Depot,115,Warrnambool,Operational,R & P Matthews Pty Ltd,Caltex,1155 Raglan Parade,Warrnambool,Victoria,5,20121004,large open compound with station as well. many loose old decommissioned tanks in yard,-38.364341736,142.458068848
116,Fuel Depot,"A facility used for the bulk storage of petrol, oil, petroleum or other inflammable liquid for wholesale distribution and at 	which no retail trade is conducted",Fuel Depot,116,Colac,Operational,J Chisholm Pty Ltd,Caltex,153-155 Wilson Street,Colac,Victoria,5,20121004,"Tight compound pipes near entrance point to in ground tanks, Depot only, Old decommissioned station next door",-38.344345093,143.583526611
117,Fuel Depot,"A facility used for the bulk storage of petrol, oil, petroleum or other inflammable liquid for wholesale distribution and at 	which no retail trade is conducted",Fuel Depot,117,Portland,Operational,R & P Matthews Pty Ltd,Caltex,50-56 Kennedy Street,Portland,Victoria,4,20121004,Poor condition building expect site re developed by now,-38.3352279659999,141.599464417
118,Fuel Depot,"A facility used for the bulk storage of petrol, oil, petroleum or other inflammable liquid for wholesale distribution and at 	which no retail trade is conducted",Fuel Depot,118,Koo Wee Rup,Operational,John Duff & Co Pty Ltd,Caltex,52-54 Sybella Avenue,Koo Wee Rup,Victoria,5,20121004,No above ground tanks assuming in ground tanks,-38.204734802,145.490318298
119,Fuel Depot,"A facility used for the bulk storage of petrol, oil, petroleum or other inflammable liquid for wholesale distribution and at 	which no retail trade is conducted",Fuel Depot,119,South East,Operational,Caltex Petroleum Services Pty Ltd,Caltex,149 Queen Street,Warragul,Victoria,5,20121004,Single bowser probably diesel for delivery trucks. Not really a general public station,-38.165756226,145.938278198
120,Fuel Depot,"A facility used for the bulk storage of petrol, oil, petroleum or other inflammable liquid for wholesale distribution and at 	which no retail trade is conducted",Fuel Depot,120,I & M Simpson & Son Pty Ltd,Operational,I & M Simpson & Son Pty Ltd - Fuel,Caltex,25 Aitken Street,Alexandra,Victoria,5,20121004,"Large complex, including GAS",-37.1870327,145.702987671
121,Fuel Depot,"A facility used for the bulk storage of petrol, oil, petroleum or other inflammable liquid for wholesale distribution and at 	which no retail trade is conducted",Fuel Depot,121,Horsham,Operational,Caltex Petroleum Services Pty Ltd,Caltex,35 Mill Street,Horsham,Victoria,5,20121004,"Depot Only,",-36.7062606809999,142.202445984
122,Fuel Depot,"A facility used for the bulk storage of petrol, oil, petroleum or other inflammable liquid for wholesale distribution and at 	which no retail trade is conducted",Fuel Depot,122,St Arnaud,Operational,Caltex Petroleum Services Pty Ltd,Caltex,1-23 Canterbury Street,St Arnaud,Victoria,5,20121004,24 hr available fuel station as well,-36.619159698,143.255104065
123,Fuel Depot,"A facility used for the bulk storage of petrol, oil, petroleum or other inflammable liquid for wholesale distribution and at 	which no retail trade is conducted",Fuel Depot,123,Shepparton,Operational,Caltex Petroleum Services Pty Ltd,Ampol,9 McGill Street,Shepparton,Victoria,5,20121004,locked compound suspect station for delivery truck only (no bowser visible). VitalGAS tanks as well. Rail delivery,-36.36372757,145.428581238
124,Fuel Depot,"A facility used for the bulk storage of petrol, oil, petroleum or other inflammable liquid for wholesale distribution and at 	which no retail trade is conducted",Fuel Depot,124,Scott Petroleum,Operational,Scott Petroleum,Scott Petroleum,17-29 McGill Street,Shepparton,Victoria,5,20121004,"Scott petroleum, With rail delivery",-36.362812042,145.429244995
125,Fuel Depot,"A facility used for the bulk storage of petrol, oil, petroleum or other inflammable liquid for wholesale distribution and at 	which no retail trade is conducted",Fuel Depot,125,Wodonga,Operational,Caltex Petroleum Services Pty Ltd,Caltex,7 Bradford Street,Wodonga,Victoria,5,20121004,"Murray River 600m, Rail capacity, large compound with station as well, Large open warehouse, plus enclosed warehouse",-36.116603851,146.897644043
126,Fuel Depot,"A facility used for the bulk storage of petrol, oil, petroleum or other inflammable liquid for wholesale distribution and at 	which no retail trade is conducted",Fuel Depot,126,Yarrawonga,Operational,Caltex Petroleum Services Pty Ltd,Caltex,69 Benalla Road,Yarrawonga,Victoria,5,20121004,"Fibro sawtooth  warehouse, Large complex, SupaGAS delivery truck",-36.029287338,145.994613647
127,Fuel Depot,"A facility used for the bulk storage of petrol, oil, petroleum or other inflammable liquid for wholesale distribution and at 	which no retail trade is conducted",Fuel Depot,127,Tasco Inland Australia Pty Ltd,Operational,Tasco Inland Australia Pty Ltd Aft,Mobil,3 Hastings Street,Swan Hill,Victoria,5,20121004,"Compound under development, Depot only",-35.334428787,143.561416626
128,Fuel Depot,"A facility used for the bulk storage of petrol, oil, petroleum or other inflammable liquid for wholesale distribution and at 	which no retail trade is conducted",Fuel Depot,128,Swan Hill,Operational,Caltex Petroleum Services Pty Ltd,Caltex,1-5 Queen Street,Swan Hill,Victoria,5,20121004,"Small partially open warehouse. Main Mailing Address as 5 Curlewis St, Swan hill, major compound at 2 Chapman st Swan Hill not on Caltex Web site",-35.332588196,143.557601929
129,Fuel Depot,"A facility used for the bulk storage of petrol, oil, petroleum or other inflammable liquid for wholesale distribution and at 	which no retail trade is conducted",Fuel Depot,129,Swan Hill,Operational,Caltex,Caltex,2 Chapman Street,Swan Hill,Victoria,5,20121004,"Small partially open warehouse. Main Mailing Address as 5 Curlewis St, Swan hill, major compound at 2 Chapman st Swan Hill not on Caltex Web site",-35.3334050399999,143.55856092
130,Fuel Depot,"A facility used for the bulk storage of petrol, oil, petroleum or other inflammable liquid for wholesale distribution and at 	which no retail trade is conducted",Fuel Depot,130,Robco Petroleum Pty Ltd,Operational,Robco Petroleum Pty Ltd,Caltex,2 Abbotts Street,Hamilton,Victoria,5,20121004,two bowsers open steel shed for barrels Imagery poor quality,-37.7442283629999,142.030540466
131,Fuel Depot,"A facility used for the bulk storage of petrol, oil, petroleum or other inflammable liquid for wholesale distribution and at 	which no retail trade is conducted",Fuel Depot,131,Hamilton,Operational,,Caltex,35 Port Fairy Road,Hamilton,Victoria,5,20121004,"External station as well, large complex, next to stock yards, open colour bond shed",-37.756931305,142.010299683
132,Fuel Depot,"A facility used for the bulk storage of petrol, oil, petroleum or other inflammable liquid for wholesale distribution and at 	which no retail trade is conducted",Fuel Depot,132,Cobram,Operational,,BP,3701 Murray Valley Highway,Cobram,Victoria,5,20121004,"External Station as well, gas Supply, Colour bond Shed, 4 lay down tanks",-35.92171669,145.638626099
133,Fuel Depot,"A facility used for the bulk storage of petrol, oil, petroleum or other inflammable liquid for wholesale distribution and at 	which no retail trade is conducted",Fuel Depot,133,Independent Koroit,Operational,Devondale Dairy Co-op,Devondale Dairy Co-op,23 Commercial Road,Koroit,Victoria,5,20121004,"two bowsers Part of Devondale Cheese factory fleet, within factory fence. Upright tank has Evol LNG (liquefied Natural Gas) http://www.evollng.com.au/",-38.293167114,142.373130798
134,Fuel Depot,"A facility used for the bulk storage of petrol, oil, petroleum or other inflammable liquid for wholesale distribution and at 	which no retail trade is conducted",Fuel Depot,134,Kerang,Operational,Reliance,BP,9 Wills Street,Kerang,Victoria,5,20121004,"Large compound, several brick buildings colour bond warehouse, no above ground tanks visible in ground tank vents visible",-35.728696823,143.928146362
135,Fuel Depot,"A facility used for the bulk storage of petrol, oil, petroleum or other inflammable liquid for wholesale distribution and at 	which no retail trade is conducted",Fuel Depot,135,Traralgon,Operational,,BP,23 Shakespeare Street,Traralgon,Victoria,5,20121004,"Large compound, above ground tanks, large colour bond warehouse, Other colour bond buildings, External station as well",-38.2011947629999,146.536216736
136,Fuel Depot,"A facility used for the bulk storage of petrol, oil, petroleum or other inflammable liquid for wholesale distribution and at 	which no retail trade is conducted",Fuel Depot,136,Advanced Petroleum,Operational,,Independent,21 Shakespeare Street,Traralgon,Victoria,5,20121004,"Large Compound might have been a station as well, Above ground tanks, large colour bond open air warehouse (Empty), Brick building, I blv it to be shell Small sign on gates look like shell logo, I blv it to be abandoned now.  ",-38.2011566159999,146.535209656
137,Fuel Depot,"A facility used for the bulk storage of petrol, oil, petroleum or other inflammable liquid for wholesale distribution and at 	which no retail trade is conducted",Fuel Depot,137,Horsham,Operational,Bentley Fuel Services,Bentley Fuel Services,31 Mill Street,Horsham,Victoria,5,20121004,"Small compound Tanker gantry visible, might be abandoned, depot only",-36.706268311,142.200393677
138,Fuel Depot,"A facility used for the bulk storage of petrol, oil, petroleum or other inflammable liquid for wholesale distribution and at 	which no retail trade is conducted",Fuel Depot,138,Horsham,Operational,Reliance,BP,25  Mill Street,Horsham,Victoria,5,20121004,"Large Compound, Depot Only, Above ground tanks, In ground tank vents visible. Colour bond open air warehouse for barrels, Brick office",-36.705997467,142.19960022
139,Fuel Depot,"A facility used for the bulk storage of petrol, oil, petroleum or other inflammable liquid for wholesale distribution and at 	which no retail trade is conducted",Fuel Depot,139,Horsham,Operational,Atlas Fuels Pty Ltd,Mobil,19 Mill Street,Horsham,Victoria,5,20121004,"medium but compact compound, above ground lay down tanks and upright tanks, brick office local operator atlas fuels",-36.70627594,142.198913574
140,Fuel Depot,"A facility used for the bulk storage of petrol, oil, petroleum or other inflammable liquid for wholesale distribution and at 	which no retail trade is conducted",Fuel Depot,140,Horsham,Operational,,Shell,17 Mill Street,Horsham,Victoria,5,20121004,"large compound, Depot Only, in ground tank vents visible, Open air corrugated iron warehouse (empty) Depot looks abandoned.",-36.70593071,142.198348999
141,Fuel Depot,"A facility used for the bulk storage of petrol, oil, petroleum or other inflammable liquid for wholesale distribution and at 	which no retail trade is conducted",Fuel Depot,141,Bendigo,Operational,,Shell,107 Strickland Road,Bendigo,Victoria,3,20121004,Depot looks abandoned (no stock in  warehouse) Station as well,-36.745834351,144.305847168
142,Fuel Depot,"A facility used for the bulk storage of petrol, oil, petroleum or other inflammable liquid for wholesale distribution and at 	which no retail trade is conducted",Fuel Depot,142,Shell,Operational,,Shell,215-225 Ninth Street,Mildura,Victoria,4,20121004,Shell Signs and logos removed. Depot seems abandoned. Weeds growing and no stock in warehouse,-34.180568695,142.152557373
143,Fuel Depot,"A facility used for the bulk storage of petrol, oil, petroleum or other inflammable liquid for wholesale distribution and at 	which no retail trade is conducted",Fuel Depot,143,Tasco,Operational,,Independent,220-222 Tenth Street,Mildura,Victoria,5,20121004,Large compound,-34.181148529,142.152023315
144,Fuel Depot,"A facility used for the bulk storage of petrol, oil, petroleum or other inflammable liquid for wholesale distribution and at 	which no retail trade is conducted",Fuel Depot,144,Tasco,Operational,,Independent,34 Sydney Road,Benalla,Victoria,5,20121004,Very large compound backing airport,-36.547908783,146.001243591
145,Fuel Depot,"A facility used for the bulk storage of petrol, oil, petroleum or other inflammable liquid for wholesale distribution and at 	which no retail trade is conducted",Fuel Depot,145,Scott Petroleum,Operational,Scott Petroleum,Scott Petroleum,12-20 Lindsay Street,Dennington,Victoria,5,20121004,Very large compound,-38.3572025299999,142.444381714
146,Fuel Depot,"A facility used for the bulk storage of petrol, oil, petroleum or other inflammable liquid for wholesale distribution and at 	which no retail trade is conducted",Fuel Depot,146,Colac West,Operational,,BP,340 Princess Highway,Colac West,Victoria,5,20121004,Station with warehouse for barrels (lubricants),-38.334709167,143.55381012
147,Fuel Depot,"A facility used for the bulk storage of petrol, oil, petroleum or other inflammable liquid for wholesale distribution and at 	which no retail trade is conducted",Fuel Depot,147,DSF Mildura,Operational,,BP,210-212 Eighth Street,Mildura,Victoria,5,20121004,"Large compound, In ground tank vents visible, Nest to tennis/netball centre, next to rail",-34.177787781,142.155433655
148,Fuel Depot,"A facility used for the bulk storage of petrol, oil, petroleum or other inflammable liquid for wholesale distribution and at 	which no retail trade is conducted",Fuel Depot,148,Dandenong South,Operational,,Caltex,393 South Gippsland Highway,Dandenong South,Victoria,5,20121004,large Compound with mini  tanker fleet capacity,-38.031059265,145.245628357
149,Fuel Depot,"A facility used for the bulk storage of petrol, oil, petroleum or other inflammable liquid for wholesale distribution and at 	which no retail trade is conducted",Fuel Depot,149,Kadina (Dermody),Operational,Dermody Petroleum,BP,27 Agery Road,Kadina,South Australia,5,20121004,Large Complex,-33.968795776,137.717315674
150,Fuel Depot,"A facility used for the bulk storage of petrol, oil, petroleum or other inflammable liquid for wholesale distribution and at 	which no retail trade is conducted",Fuel Depot,150,Port Augusta,Operational,,BP,Lot 201 Old Tarcoola Road,Port Augusta West,South Australia,5,20121004,Part of large truck stop station as well for diesel only,-32.470428467,137.736724854
151,Fuel Depot,"A facility used for the bulk storage of petrol, oil, petroleum or other inflammable liquid for wholesale distribution and at 	which no retail trade is conducted",Fuel Depot,151,Tarcoola,Operational,,Caltex,110 Old Tarcoola Road,Tarcoola,South Australia,5,20121004,Part of large truck stop station as well for diesel only,-32.4713973999999,137.737075806
152,Fuel Depot,"A facility used for the bulk storage of petrol, oil, petroleum or other inflammable liquid for wholesale distribution and at 	which no retail trade is conducted",Fuel Depot,152,Mt Gambier,Operational,Kain & Shelton Agencies,Caltex,40 Margaret Street,Mt Gambier,South Australia,5,20121004,Depot Only with rail,-37.830917358,140.77368927
153,Fuel Depot,"A facility used for the bulk storage of petrol, oil, petroleum or other inflammable liquid for wholesale distribution and at 	which no retail trade is conducted",Fuel Depot,153,Naracoorte,Operational,,Mobil,231 Smith Street,Naracoorte,South Australia,5,20121004,Large Complex with rail,-36.952213287,140.754837036
154,Fuel Depot,"A facility used for the bulk storage of petrol, oil, petroleum or other inflammable liquid for wholesale distribution and at 	which no retail trade is conducted",Fuel Depot,154,Naracoorte,Operational,Scott Petroleum,Scott Petroleum,Smith Street,Naracoorte,South Australia,5,20121004,Large Complex with rail. in ground tanks (7 vents visible),-36.952144623,140.75554657
155,Fuel Depot,"A facility used for the bulk storage of petrol, oil, petroleum or other inflammable liquid for wholesale distribution and at 	which no retail trade is conducted",Fuel Depot,155,Naracoorte,Operational,Kain & Shelton (Agencies) Pty Ltd,Caltex,249 Smith Street,Naracoorte,South Australia,5,20121004,Large Complex with rail,-36.951938629,140.757003784
156,Fuel Depot,"A facility used for the bulk storage of petrol, oil, petroleum or other inflammable liquid for wholesale distribution and at 	which no retail trade is conducted",Fuel Depot,156,Naracoorte,Operational,Kleenheat,KleenHeat,253 Smith Street,Naracoorte,South Australia,5,20121004,Gas Only Depot,-36.952102661,140.75806427
157,Fuel Depot,"A facility used for the bulk storage of petrol, oil, petroleum or other inflammable liquid for wholesale distribution and at 	which no retail trade is conducted",Fuel Depot,157,Toowoomba,Operational,Origin Energy,Origin Energy,Anzac Avenue,Toowoomba,Queensland,5,20121004,Very large Gas Only Depot,-27.579648972,151.921478271
158,Fuel Depot,"A facility used for the bulk storage of petrol, oil, petroleum or other inflammable liquid for wholesale distribution and at 	which no retail trade is conducted",Fuel Depot,158,Broken Hill,Operational,Bromson Energy,ELGAS,24 Kanandah Road,Broken Hill,New South Wales,5,20121004,Depot separated from Bromson Energy Depot which specialises in GAS white good plus fuel,-31.98711586,141.430831909
159,Fuel Depot,"A facility used for the bulk storage of petrol, oil, petroleum or other inflammable liquid for wholesale distribution and at 	which no retail trade is conducted",Fuel Depot,159,Bordertown,Operational,Caltex Petroleum Services Pty Ltd,Caltex,North Terrace,Bordertown,South Australia,5,20121004,Large Depot only. Close to food store and social facilities with rail,-36.309009552,140.776985168
160,Fuel Depot,"A facility used for the bulk storage of petrol, oil, petroleum or other inflammable liquid for wholesale distribution and at 	which no retail trade is conducted",Fuel Depot,160,Bordertown,Operational,Caltex Petroleum Services Pty Ltd,Caltex,McLeod Street,Bordertown,South Australia,5,20121004,Small Depot in ground Tanks vents visible,-36.307723999,140.772750854
161,Fuel Depot,"A facility used for the bulk storage of petrol, oil, petroleum or other inflammable liquid for wholesale distribution and at 	which no retail trade is conducted",Fuel Depot,161,Pinnaroo,Operational,Caltex Petroleum Services Pty Ltd,Caltex,Lot 270 Hanton Road,Pinnaroo,South Australia,5,20121004,Medium depot backing onto rail and very large silos,-35.2618865969999,140.900939941
162,Fuel Depot,"A facility used for the bulk storage of petrol, oil, petroleum or other inflammable liquid for wholesale distribution and at 	which no retail trade is conducted",Fuel Depot,162,Littlehampton,Operational,Adelaide Fuel Distributors Pty Ltd,Caltex,2 Griffiths Court,Littlehampton,South Australia,5,20121004,Medium Depot with in ground tanks (vents & delivery pipes visible),-35.0551109309999,138.859817505
163,Fuel Depot,"A facility used for the bulk storage of petrol, oil, petroleum or other inflammable liquid for wholesale distribution and at 	which no retail trade is conducted",Fuel Depot,163,Cavan,Operational,Caltex,Caltex,Cross Keys Road,Cavan,South Australia,5,20121004,"Large Depot and Station, No price sign blades, assuming a truck stop versus station. Adjacent to creek leading to salt factory",-34.8257102969999,138.602401733
164,Fuel Depot,"A facility used for the bulk storage of petrol, oil, petroleum or other inflammable liquid for wholesale distribution and at 	which no retail trade is conducted",Fuel Depot,164,Maitland,Operational,K S & C A Hunt & Son Pty Ltd,Caltex,1-3 Ebor Street,Maitland,South Australia,5,20121004,Small.medium Depot only,-34.379276276,137.667915344
165,Fuel Depot,"A facility used for the bulk storage of petrol, oil, petroleum or other inflammable liquid for wholesale distribution and at 	which no retail trade is conducted",Fuel Depot,165,Renmark,Operational,Caltex Petroleum Services Pty Ltd,Ampol,52 Twentyfirst Street,Renmark,South Australia,5,20121004,Compact depot with station as well,-34.182098389,140.738700867
166,Fuel Depot,"A facility used for the bulk storage of petrol, oil, petroleum or other inflammable liquid for wholesale distribution and at 	which no retail trade is conducted",Fuel Depot,166,Kadina,Operational,Hunt Fuels,Caltex,7-11 Martin Terrace,Kadina,South Australia,5,20121004,Small Depot with station,-33.9668464659999,137.717285156
167,Fuel Depot,"A facility used for the bulk storage of petrol, oil, petroleum or other inflammable liquid for wholesale distribution and at 	which no retail trade is conducted",Fuel Depot,167,Cleve,Operational,Caltex Petroleum Services Pty Ltd,Caltex,Lot 429 Wake Road,Cleve,South Australia,5,20121004,Medium Locked Depot with internal bowser,-33.701061249,136.483108521
168,Fuel Depot,"A facility used for the bulk storage of petrol, oil, petroleum or other inflammable liquid for wholesale distribution and at 	which no retail trade is conducted",Fuel Depot,168,Jamestown,Operational,K S & C A Hunt & Son Pty Ltd,Caltex,38 Mannanarie Road,Jamestown,South Australia,5,20121004,Small depot part of other rural business. Small buildings mostly part of other business. Large warehouse,-33.1941947939999,138.609687805
169,Fuel Depot,"A facility used for the bulk storage of petrol, oil, petroleum or other inflammable liquid for wholesale distribution and at 	which no retail trade is conducted",Fuel Depot,169,Port Augusta West,Operational,Kleenheat,Kleenheat,204 Old Tarcoola Road,Port Augusta West,South Australia,5,20121004,"Gas only depot, tall loose gas bottles spread around depot",-32.4724998469999,137.742050171
170,Fuel Depot,"A facility used for the bulk storage of petrol, oil, petroleum or other inflammable liquid for wholesale distribution and at 	which no retail trade is conducted",Fuel Depot,170,Port Augusta West,Operational,MoGas Regional,MoGas Regional,Lot 2 Old Tarcoola Road,Port Augusta West,South Australia,5,20121004,"Fleet of tanks held at this depot, Residential property part of Depot. Between Self storage & Gas Depot",-32.472621918,137.740905762
171,Fuel Depot,"A facility used for the bulk storage of petrol, oil, petroleum or other inflammable liquid for wholesale distribution and at 	which no retail trade is conducted",Fuel Depot,171,Port Augusta,Operational,MoGas Regional,Mobil,25 Prosser Street,Port Augusta,South Australia,5,20121004,"Large Depot with external bowser, 2 unusual lay down tanks. Believe to be insulated for GAS",-32.482065201,137.785614014
172,Fuel Depot,"A facility used for the bulk storage of petrol, oil, petroleum or other inflammable liquid for wholesale distribution and at 	which no retail trade is conducted",Fuel Depot,172,Port Lincoln,Operational,MoGas Regional,Mobil,18 Stevenson Street,Port Lincoln,South Australia,5,20121004,MOBIL Distributor,-34.7255859379999,135.869049072
173,Fuel Depot,"A facility used for the bulk storage of petrol, oil, petroleum or other inflammable liquid for wholesale distribution and at 	which no retail trade is conducted",Fuel Depot,173,Wudinna,Operational,MoGas Regional,Mobil,64 Eyre Highway,Wudinna,South Australia,5,20121004,"Part of Station as well, Roadhouse has been rebuilt feb 2012",-33.0535316469999,135.464042664
174,Fuel Depot,"A facility used for the bulk storage of petrol, oil, petroleum or other inflammable liquid for wholesale distribution and at 	which no retail trade is conducted",Fuel Depot,174,West Kalgoorlie,Operational,,Mobil,Lot 5 West Kalgoorlie Road,West Kalgoorlie,Western Australia,5,20121004,,-30.7763404849999,121.429218292
175,Fuel Depot,"A facility used for the bulk storage of petrol, oil, petroleum or other inflammable liquid for wholesale distribution and at 	which no retail trade is conducted",Fuel Depot,175,West Kalgoorlie,Operational,Caltex Petroleum Services Pty Ltd,Caltex,Lot 2 West Kalgoorlie Road,West Kalgoorlie,Western Australia,5,20121004,,-30.7781028749999,121.426147461
176,Fuel Depot,"A facility used for the bulk storage of petrol, oil, petroleum or other inflammable liquid for wholesale distribution and at 	which no retail trade is conducted",Fuel Depot,176,West Kalgoorlie,Operational,,BP,Lot 1 West Kalgoorlie Road,West Kalgoorlie,Western Australia,5,20121004,,-30.7787752149999,121.425056458
177,Fuel Depot,"A facility used for the bulk storage of petrol, oil, petroleum or other inflammable liquid for wholesale distribution and at 	which no retail trade is conducted",Fuel Depot,177,West Kalgoorlie,Operational,,Shell,Lot 3 West Kalgoorlie Road,West Kalgoorlie,Western Australia,5,20121004,,-30.777345657,121.427406311
178,Fuel Depot,"A facility used for the bulk storage of petrol, oil, petroleum or other inflammable liquid for wholesale distribution and at 	which no retail trade is conducted",Fuel Depot,178,Quorn,Operational,Carling Fuel Distributors Pty Ltd,Carling Fuel Distributors Pty Ltd,Sixth Street,Quorn,South Australia,5,20121004,Depot compound is next to garage which is next to service station address listed,-32.3477973939999,138.041465759
179,Fuel Depot,"A facility used for the bulk storage of petrol, oil, petroleum or other inflammable liquid for wholesale distribution and at 	which no retail trade is conducted",Fuel Depot,179,Ceduna,Operational,Caltex Petroleum Services Pty Ltd,Caltex,16 Goode Road,Ceduna,South Australia,5,20121004,Large depot only,-32.118564606,133.682090759
180,Fuel Depot,"A facility used for the bulk storage of petrol, oil, petroleum or other inflammable liquid for wholesale distribution and at 	which no retail trade is conducted",Fuel Depot,180,Minlaton,Operational,,BP,Lot 782 Yorketown Road,Minlaton,South Australia,5,20121004,Large depot Only,-34.7779846189999,137.591499329
181,Fuel Depot,"A facility used for the bulk storage of petrol, oil, petroleum or other inflammable liquid for wholesale distribution and at 	which no retail trade is conducted",Fuel Depot,181,Tailem Bend,Operational,Dermody,BP,Lot 92 Trevena Road,Tailem Bend,South Australia,5,20121004,Large open depot,-35.256401062,139.458724976
182,Fuel Depot,"A facility used for the bulk storage of petrol, oil, petroleum or other inflammable liquid for wholesale distribution and at 	which no retail trade is conducted",Fuel Depot,182,Tailem Bend,Operational,Mobil,Mobil,2 Station Drive,Tailem Bend,South Australia,5,20121004,"Decommissioned, bowser removed, weeds, warehouse empty",-35.255800247,139.457748413
183,Fuel Depot,"A facility used for the bulk storage of petrol, oil, petroleum or other inflammable liquid for wholesale distribution and at 	which no retail trade is conducted",Fuel Depot,183,Keith,Operational,,Caltex,Naracoorte Road,Keith,South Australia,3,20121004,"Suspect that its not a depot or if it is, the depot facility is for internal use for earth moving and its mainly a station",-36.1051330569999,140.341949463
184,Fuel Depot,"A facility used for the bulk storage of petrol, oil, petroleum or other inflammable liquid for wholesale distribution and at 	which no retail trade is conducted",Fuel Depot,184,Waikerie,Operational,United,United,Sturt Highway,Waikerie,South Australia,5,20121004,"5 in ground tank vents, 2 long above ground UniGAS tanks",-34.187953949,140.00402832
185,Fuel Depot,"A facility used for the bulk storage of petrol, oil, petroleum or other inflammable liquid for wholesale distribution and at 	which no retail trade is conducted",Fuel Depot,185,Chadwick,Operational,Link Energy Pty Ltd,Caltex,Lease Road,Chadwick,Tasmania,5,20121004,Large open Depot several empty tanker trailers. No bowser,-33.8521881099999,121.896614075
186,Fuel Depot,"A facility used for the bulk storage of petrol, oil, petroleum or other inflammable liquid for wholesale distribution and at 	which no retail trade is conducted",Fuel Depot,186,Katanning,Operational,,BP,Dore Street,Katanning,Western Australia,5,20121004,Major Depot. with external station as well,-33.696563721,117.562484741
187,Fuel Depot,"A facility used for the bulk storage of petrol, oil, petroleum or other inflammable liquid for wholesale distribution and at 	which no retail trade is conducted",Fuel Depot,187,Katanning,Operational,Caltex Petroleum Services Pty Ltd,Caltex,84 Dore Street,Katanning,Western Australia,5,20121004,Depot Only,-33.69695282,117.562953949
188,Fuel Depot,"A facility used for the bulk storage of petrol, oil, petroleum or other inflammable liquid for wholesale distribution and at 	which no retail trade is conducted",Fuel Depot,188,Narrogin,Operational,Great Southern Fuels,BP,2-4 Federal Street,Narrogin,Western Australia,5,20121004,Large Depot Only,-32.928459167,117.177734375
189,Fuel Depot,"A facility used for the bulk storage of petrol, oil, petroleum or other inflammable liquid for wholesale distribution and at 	which no retail trade is conducted",Fuel Depot,189,Narrogin,Operational,,Caltex,6 Federal Street,Narrogin,Western Australia,5,20121004,Large Depot Only,-32.929256439,117.177822113
190,Fuel Depot,"A facility used for the bulk storage of petrol, oil, petroleum or other inflammable liquid for wholesale distribution and at 	which no retail trade is conducted",Fuel Depot,190,Hyden,Operational,Great Southern Fuels,Independent,Marshall Street,Hyden,Western Australia,5,20121004,"Small Depot Fenced assets, Doughnut hole compound with 24 hr fuel station as well",-32.451372147,118.860992432
191,Fuel Depot,"A facility used for the bulk storage of petrol, oil, petroleum or other inflammable liquid for wholesale distribution and at 	which no retail trade is conducted",Fuel Depot,191,Corrigin,Operational,Reliance,BP,Lot 290 Walton Street,Corrigin,Western Australia,5,20121004,Medium Depot with external station as well,-32.3331222529999,117.873039246
192,Fuel Depot,"A facility used for the bulk storage of petrol, oil, petroleum or other inflammable liquid for wholesale distribution and at 	which no retail trade is conducted",Fuel Depot,192,Mukinbudin,Operational,,BP,Strugnell Street,Mukinbudin,Western Australia,5,20121004,"Medium Depot, surrounded by Cropland",-30.913248062,118.203113556
193,Fuel Depot,"A facility used for the bulk storage of petrol, oil, petroleum or other inflammable liquid for wholesale distribution and at 	which no retail trade is conducted",Fuel Depot,193,Wongan Hills,Operational,,BP,160 Wongan Road,Wongan Hills,Western Australia,5,20121004,Single extremely large above ground tank. No In ground tank vents visible,-30.897974968,116.719970703
194,Fuel Depot,"A facility used for the bulk storage of petrol, oil, petroleum or other inflammable liquid for wholesale distribution and at 	which no retail trade is conducted",Fuel Depot,194,Koorda,Operational,,BP,1 Railway Street,Koorda,Western Australia,5,20121004,"Large Compound with rail capacity, next to grains storage",-30.823102951,117.482078552
195,Fuel Depot,"A facility used for the bulk storage of petrol, oil, petroleum or other inflammable liquid for wholesale distribution and at 	which no retail trade is conducted",Fuel Depot,195,Kelannie,Operational,,BP,Dalwallinu-Kalannie Road,Kalannie,Western Australia,4,20121004,"Small open depot, vegetation in compound",-30.3660564419999,117.119831085
196,Fuel Depot,"A facility used for the bulk storage of petrol, oil, petroleum or other inflammable liquid for wholesale distribution and at 	which no retail trade is conducted",Fuel Depot,196,Mingenew,Operational,,BP,Mingenew Mullewa Road,Mingenew,Western Australia,5,20121004,Fenced Depot with small office in BP colours with external Station as well. only 3 In ground Tank vents visible,-29.189462662,115.441452026
197,Fuel Depot,"A facility used for the bulk storage of petrol, oil, petroleum or other inflammable liquid for wholesale distribution and at 	which no retail trade is conducted",Fuel Depot,197,West End,Operational,,Shell,8 Haigh Street,West End,Western Australia,4,20121004,"Shell depot warehouse now empty, ??Decommissioned",-28.781300545,114.593582153
198,Fuel Depot,"A facility used for the bulk storage of petrol, oil, petroleum or other inflammable liquid for wholesale distribution and at 	which no retail trade is conducted",Fuel Depot,198,West End,Operational,,Caltex,183 Portaway,West End,Western Australia,5,20121004,"2006 small truck stop, 2011 developed now depot with large volume setup for road trains",-28.782524109,114.593658447
199,Fuel Depot,"A facility used for the bulk storage of petrol, oil, petroleum or other inflammable liquid for wholesale distribution and at 	which no retail trade is conducted",Fuel Depot,199,Geraldton Fuel,Decommsioned,Ampol,Caltex,214 Shenton Street,West End,Western Australia,5,20121004,Street view shows sign that AMPOL have moved,-28.782280922,114.597442627
200,Fuel Depot,"A facility used for the bulk storage of petrol, oil, petroleum or other inflammable liquid for wholesale distribution and at 	which no retail trade is conducted",Fuel Depot,200,Geraldton,Operational,,BP,222 Shenton Street,West End,Western Australia,5,20121004,Large Depot next to Terminal,-28.7825222019999,114.596069336
201,Fuel Depot,"A facility used for the bulk storage of petrol, oil, petroleum or other inflammable liquid for wholesale distribution and at 	which no retail trade is conducted",Fuel Depot,201,Karratha,Operational,,BP,Lot 1033 Mardie Road,Karratha,Western Australia,5,20121004,Small Depot with external station as well,-20.7755317689999,116.86088562
202,Fuel Depot,"A facility used for the bulk storage of petrol, oil, petroleum or other inflammable liquid for wholesale distribution and at 	which no retail trade is conducted",Fuel Depot,202,Port Hedland,Operational,,BP,6-10 Leehey Street,Wedgefield,Western Australia,3,20121004,Humungous Freight Company most bogies being for liquid so could be Fuel depot. tanks probably aimed at servicing fleet. has 2 bowsers accessible to public,-20.3696660439999,118.586960501
203,Fuel Depot,"A facility used for the bulk storage of petrol, oil, petroleum or other inflammable liquid for wholesale distribution and at 	which no retail trade is conducted",Fuel Depot,203,Mandurah,Operational,,Caltex,2 Rafferty Road,Mandurah,Western Australia,5,20121004,"Small Depot with external station as well, 4 in ground tanks vents visible. barrel sin warehouse",-32.51720047,115.743793488
204,Fuel Depot,"A facility used for the bulk storage of petrol, oil, petroleum or other inflammable liquid for wholesale distribution and at 	which no retail trade is conducted",Fuel Depot,204,Kwinana,Operational,,Caltex,Mandurah Road,Kwinana Beach,Western Australia,5,20121004,"Depot With tiny station as well, no shop juts small payment Booth.",-32.2458858489999,115.78250885
205,Fuel Depot,"A facility used for the bulk storage of petrol, oil, petroleum or other inflammable liquid for wholesale distribution and at 	which no retail trade is conducted",Fuel Depot,205,Welshpool,Operational,,Caltex,115 Kurnall Road,Welshpool,Western Australia,5,20121004,"Large Compound with external station as well, Office more than shop building, surrounding low laying area. nearby connected still water parcels",-31.990680695,115.962726593
206,Fuel Depot,"A facility used for the bulk storage of petrol, oil, petroleum or other inflammable liquid for wholesale distribution and at 	which no retail trade is conducted",Fuel Depot,206,Balcatta,Operational,Caltex,Caltex,229 Balcatta Road,Balcatta,Western Australia,5,20121004,"Large Supply, Long gantry.",-31.86224556,115.81917572
207,Fuel Depot,"A facility used for the bulk storage of petrol, oil, petroleum or other inflammable liquid for wholesale distribution and at 	which no retail trade is conducted",Fuel Depot,207,Geraldton,Operational,Caltex,Caltex,120 Flores Road,Webberton,Western Australia,5,20121004,"Large 'Lubricant warehouse', two fuel tanks probably for retail as set up for buses",-28.7509593959999,114.629585266
208,Fuel Depot,"A facility used for the bulk storage of petrol, oil, petroleum or other inflammable liquid for wholesale distribution and at 	which no retail trade is conducted",Fuel Depot,208,Milpara,Operational,Link Energy Pty Ltd,Independent,113 Chester Pass Road,Milpara,Western Australia,5,20121004,"Large Compound, in ground tanks (Vents mostly visible) Confusing in ASIC re name Link/Linc with K or with C, Timber production 370m  away",-34.995311737,117.87223053
209,Fuel Depot,"A facility used for the bulk storage of petrol, oil, petroleum or other inflammable liquid for wholesale distribution and at 	which no retail trade is conducted",Fuel Depot,209,Bridgetown,Operational,Direct Fuel Supplies (WA) Pty Ltd,Caltex,3 Spencer Street,Bridgetown,Western Australia,5,20121004,"Upright Tanks next to rail only road delivery point, unable to see detail from street view. Assuming Mixed Fuel lubricant depot. with focus on fuel",-33.9594058989999,116.138633728
210,Fuel Depot,"A facility used for the bulk storage of petrol, oil, petroleum or other inflammable liquid for wholesale distribution and at 	which no retail trade is conducted",Fuel Depot,210,Craybrook Nominees P/L,Operational,Craybrook Petroleum P/L,Caltex,84 Strelly Street,Busselton,Western Australia,5,20121004,"Depot part of complex with tenants (Polished Paving CEMEX), Warehouse probably for them. Trucks in aerial are open top",-33.662553787,115.348693848
211,Fuel Depot,"A facility used for the bulk storage of petrol, oil, petroleum or other inflammable liquid for wholesale distribution and at 	which no retail trade is conducted",Fuel Depot,211,Ravensthorpe,Operational,Caltex Petroleum Services Pty Ltd,Caltex,36 Morgans Street,Ravensthorpe,Western Australia,5,20121004,Depot part of small agricultural business including external station as well,-33.582309723,120.043109894
212,Fuel Depot,"A facility used for the bulk storage of petrol, oil, petroleum or other inflammable liquid for wholesale distribution and at 	which no retail trade is conducted",Fuel Depot,212,Picton,Operational,Direct Fuel Supplies (WA) Pty Ltd,Caltex,Lot 7 Wimbridge Road,Picton,Western Australia,5,20121004,"Very Large Depot, almost a terminal",-33.348526001,115.699455261
213,Fuel Depot,"A facility used for the bulk storage of petrol, oil, petroleum or other inflammable liquid for wholesale distribution and at 	which no retail trade is conducted",Fuel Depot,213,Northam,Operational,Dunning Investments Pty Ltd,Caltex,94 Old York Road,Northam,Western Australia,5,20121004,Large Enclosed Depot Only,-31.650127411,116.685256958
214,Fuel Depot,"A facility used for the bulk storage of petrol, oil, petroleum or other inflammable liquid for wholesale distribution and at 	which no retail trade is conducted",Fuel Depot,214,Wyalkatchem,Operational,Dunning Investments Pty Ltd,Ampol,Cemetery Road,Wyalkatchem,Western Australia,5,20121004,Medium Depot Only,-31.17848587,117.377593994
215,Fuel Depot,"A facility used for the bulk storage of petrol, oil, petroleum or other inflammable liquid for wholesale distribution and at 	which no retail trade is conducted",Fuel Depot,215,Northam,Operational,Dunning Fuel,Dunning Fuel,40 Old York Road,Northam,Western Australia,5,20121004,Small Lubricant only Depot,-31.648544312,116.679660797
216,Fuel Depot,"A facility used for the bulk storage of petrol, oil, petroleum or other inflammable liquid for wholesale distribution and at 	which no retail trade is conducted",Fuel Depot,216,Kalgoorlie,Operational,Origin Energy,Origin Energy,,Kalgoorlie,Western Australia,5,20121004,Origin energy Very large single tank several buildings and a low open water tank,-30.7797603609999,121.425743103
217,Fuel Depot,"A facility used for the bulk storage of petrol, oil, petroleum or other inflammable liquid for wholesale distribution and at 	which no retail trade is conducted",Fuel Depot,217,Geraldton Fuel,Operational,,Caltex,Great Northern Highway,Dalwallinu,Western Australia,5,20121004,Large Depot with external station,-30.273658752,116.665016174
218,Fuel Depot,"A facility used for the bulk storage of petrol, oil, petroleum or other inflammable liquid for wholesale distribution and at 	which no retail trade is conducted",Fuel Depot,218,Geraldton Fuel,Operational,,Caltex,85 Slaughter Street,Three Springs,Western Australia,5,20121004,Enclosed Depot Only,-29.53562355,115.766437531
219,Fuel Depot,"A facility used for the bulk storage of petrol, oil, petroleum or other inflammable liquid for wholesale distribution and at 	which no retail trade is conducted",Fuel Depot,219,Carnamah,Operational,,BP,Yarra Street,Carnamah,Western Australia,5,20121004,Depot Only,-29.6920604709999,115.886920929
220,Fuel Depot,"A facility used for the bulk storage of petrol, oil, petroleum or other inflammable liquid for wholesale distribution and at 	which no retail trade is conducted",Fuel Depot,220,Carnarvon,Operational,Reliance,BP,29 Cleveland Street,Carnarvon,Western Australia,5,20121004,Originally depot placed at 29 Cleveland St. a close proximity to nowhere placed by Google maps at random,-24.881851196,113.698028564
221,Fuel Depot,"A facility used for the bulk storage of petrol, oil, petroleum or other inflammable liquid for wholesale distribution and at 	which no retail trade is conducted",Fuel Depot,221,Merredin,Operational,BP,BP,Lot 3 Gamenya Avenue,Merredin,Western Australia,5,20121004,Medium Depot only,-31.483020782,118.25245285
222,Fuel Depot,"A facility used for the bulk storage of petrol, oil, petroleum or other inflammable liquid for wholesale distribution and at 	which no retail trade is conducted",Fuel Depot,222,Quairading,Operational,Reliance Petroleum,BP,Lot 7 York Street,Quairading,Western Australia,5,20121004,Medium Depot only,-32.0138015749999,117.391571045
223,Fuel Depot,"A facility used for the bulk storage of petrol, oil, petroleum or other inflammable liquid for wholesale distribution and at 	which no retail trade is conducted",Fuel Depot,223,Wedgefield,Operational,Caltex,Link Energy Pty Ltd,12 Cajarina Road,Wedgefield,Western Australia,5,20121004,Assuming Office with Station along side,-20.380834579,118.591056824
224,Fuel Depot,"A facility used for the bulk storage of petrol, oil, petroleum or other inflammable liquid for wholesale distribution and at 	which no retail trade is conducted",Fuel Depot,224,Bruce Rock,Operational,,BP,Lot 384 Johnson Street,Bruce Rock,Western Australia,5,20121004,"Trees very near Tanks, Small Depot Decommissioned by 2008",-31.8746976849999,118.149475098
225,Fuel Depot,"A facility used for the bulk storage of petrol, oil, petroleum or other inflammable liquid for wholesale distribution and at 	which no retail trade is conducted",Fuel Depot,225,New Town,Operational,Kleenheat Gas,Kleenheat Gas,18 Selfs Point Road,New Town,Tasmania,5,20121004,KleenHeat GAS depot and wholesaler. With LPG small tank refill capacity,-42.846668243,147.322151184
226,Fuel Depot,"A facility used for the bulk storage of petrol, oil, petroleum or other inflammable liquid for wholesale distribution and at 	which no retail trade is conducted",Fuel Depot,226,New Town,Operational,United,United,20 Selfs Point Road,New Town,Tasmania,5,20121004,"United Depot with 24 hr Diesel station. No tanks visible just warehouses, so might be regional office or pipe direct from neighbours ",-42.8462181089999,147.323318481
227,Fuel Depot,"A facility used for the bulk storage of petrol, oil, petroleum or other inflammable liquid for wholesale distribution and at 	which no retail trade is conducted",Fuel Depot,227,New Town,Operational,,Shell,16 Selfs Point Road,New Town,Tasmania,3,20121004,Size indicates depot not terminal.  Jetty servicing the surrounding facilities and terminals has 5 distribution points & pipes servicing 3 Petroleum Majors & 1 gas Major (origin) and 1 small gas bottle depot (KleenHeat),-42.846996307,147.31993103
228,Fuel Depot,"A facility used for the bulk storage of petrol, oil, petroleum or other inflammable liquid for wholesale distribution and at 	which no retail trade is conducted",Fuel Depot,228,New Town,Operational,BP,BP,Selfs Point Road,New Town,Tasmania,3,20121004,"this depot is on a different parcel with different facility management practices, (neatness) but is connected to BP terminal and may be an on seller to independents",-42.8453674319999,147.327423096
229,Fuel Depot,"A facility used for the bulk storage of petrol, oil, petroleum or other inflammable liquid for wholesale distribution and at 	which no retail trade is conducted",Fuel Depot,229,Caltas Pty Ltd,Operational,Caltas Pty Ltd,Caltex,21 River Road,Wivenhoe,Tasmania,5,20121004,Trucking complex with courier company and depot  facilities,-41.070346832,145.926147461
230,Fuel Depot,"A facility used for the bulk storage of petrol, oil, petroleum or other inflammable liquid for wholesale distribution and at 	which no retail trade is conducted",Fuel Depot,230,Wivenhoe,Operational,,Shell,16 River Road,Wivenhoe,Tasmania,5,20121004,In ground tank depot. warehouse empty. with external station,-41.073352814,145.923904419
231,Fuel Depot,"A facility used for the bulk storage of petrol, oil, petroleum or other inflammable liquid for wholesale distribution and at 	which no retail trade is conducted",Fuel Depot,231,Smithton,Operational,Caltas Pty Ltd,Caltex,19-21 Nelson Street,Smithton,Tasmania,5,20121004,Truck stop in front of depot but warehouse empty,-40.8522834779999,145.120452881
232,Fuel Depot,"A facility used for the bulk storage of petrol, oil, petroleum or other inflammable liquid for wholesale distribution and at 	which no retail trade is conducted",Fuel Depot,232,Launceston,Operational,,BP,103-109 Gleadow Street,Invermay,Tasmania,5,20121004,"Reliance depot, with Single external tall truck bowser, and several buildings",-41.429309845,147.125900269
233,Fuel Depot,"A facility used for the bulk storage of petrol, oil, petroleum or other inflammable liquid for wholesale distribution and at 	which no retail trade is conducted",Fuel Depot,233,Miles,Operational,,,McNulty Street,Miles,Queensland,5,20121004,Street view block from Dawson St. database and web sites say there is 1 BP depot & station in McNulty. View from Wallen St shows Shell sign blade Aerial shows 3 possible stations/depots,-26.661436081,150.187553406
234,Fuel Depot,"A facility used for the bulk storage of petrol, oil, petroleum or other inflammable liquid for wholesale distribution and at 	which no retail trade is conducted",Fuel Depot,234,Alice Springs,Operational,Australian Fuel Distributors Pty Ltd,Australian Fuel Distributors Pty Ltd,20 Whittaker Street20 Whittaker Street651 Whittacker Court,Alice Springs,Northern Territory,3,20121004,Large Depot with external station as well,-23.6941661829999,133.874938965
235,Fuel Depot,"A facility used for the bulk storage of petrol, oil, petroleum or other inflammable liquid for wholesale distribution and at 	which no retail trade is conducted",Fuel Depot,235,Alice Springs,Operational,,Caltex,Stuart Highway,Alice Springs,Northern Territory,3,20121004,Smalll depot mostly for Lubricants with Gantry facility,-23.693772316,133.878097534
236,Fuel Depot,"A facility used for the bulk storage of petrol, oil, petroleum or other inflammable liquid for wholesale distribution and at 	which no retail trade is conducted",Fuel Depot,236,Katherine,Operational,Australian Fuel Distributors Pty Ltd,Australian Fuel Distributors Pty Ltd,Zimin Drive,Katherine,Northern Territory,3,20121004,,-14.452911377,132.245780945
237,Fuel Depot,"A facility used for the bulk storage of petrol, oil, petroleum or other inflammable liquid for wholesale distribution and at 	which no retail trade is conducted",Fuel Depot,237,Borroloola,Operational,,,3 Foster Court,Borroloola,Northern Territory,1,20121004,Original GNAF matched what looks like hotel (330 ROBINSON ROAD) which matches United style stations/depots. Google Aerial Showed these but unable to see brand,-16.054334641,136.308067322
238,Fuel Depot,"A facility used for the bulk storage of petrol, oil, petroleum or other inflammable liquid for wholesale distribution and at 	which no retail trade is conducted",Fuel Depot,238,Carrara,Operational,Neumann Petroleum,Neumann Petroleum,16 Spall Street,Carrara,Queensland,5,20121004,,-28.031383514,153.354125977
239,Fuel Depot,"A facility used for the bulk storage of petrol, oil, petroleum or other inflammable liquid for wholesale distribution and at 	which no retail trade is conducted",Fuel Depot,239,Tunbridge Petroleum Pty Ltd,Operational,Tunbridge Petroleum Pty Ltd,Tunbridge Petroleum Pty Ltd,52 Grono Farm Road,Wilberforce,New South Wales,5,20121004,Insufficient clarity to digitise but tanks can be seen,-33.5530052189999,150.865524292
240,Fuel Depot,"A facility used for the bulk storage of petrol, oil, petroleum or other inflammable liquid for wholesale distribution and at 	which no retail trade is conducted",Fuel Depot,240,Dungog,Operational,Collison and Everett Pty Ltd,Collison and Everett Pty Ltd,Dunham Road,Dungog,New South Wales,4,20121004,Insufficient clarity in Street view due to battleaxe block. Aerial shows tanks and buildings,-32.4276199339999,151.550582886
241,Fuel Depot,"A facility used for the bulk storage of petrol, oil, petroleum or other inflammable liquid for wholesale distribution and at 	which no retail trade is conducted",Fuel Depot,241,Bombala,Operational,,Mobil,2 High Street,Bombala,New South Wales,3,20121004,"single pump station as well, 1 large + 2 small lay down tanks, single pump station as well, Steel shed, wooden building, next to low drainage ground, 200m to river",-36.904483795,149.241340637
242,Fuel Depot,"A facility used for the bulk storage of petrol, oil, petroleum or other inflammable liquid for wholesale distribution and at 	which no retail trade is conducted",Fuel Depot,242,Bunnaloo,Operational,Caltex Petroleum Services Pty Ltd,Caltex,Lot 3 Bunnaloo Road,Bunnaloo,New South Wales,1,20121004,,-35.788230896,144.59853363
243,Fuel Depot,"A facility used for the bulk storage of petrol, oil, petroleum or other inflammable liquid for wholesale distribution and at 	which no retail trade is conducted",Fuel Depot,243,Berrigan,Operational,Caltex Petroleum Services Pty Ltd,Caltex,155-165 Chanter Street,Berrigan,New South Wales,1,20121004,"1Large lay down tank, + 1 small VitalGAS tank, Brick office /station + workshop",-35.655590057,145.801315308
244,Fuel Depot,"A facility used for the bulk storage of petrol, oil, petroleum or other inflammable liquid for wholesale distribution and at 	which no retail trade is conducted",Fuel Depot,244,Oudenryn,Operational,,BP,45 Boolcarrol Street,Wee Waa,New South Wales,5,20121004,"Insufficient info in street view, Google or aerial",-30.224019051,149.432510376
245,Fuel Depot,"A facility used for the bulk storage of petrol, oil, petroleum or other inflammable liquid for wholesale distribution and at 	which no retail trade is conducted",Fuel Depot,245,Smithfield,Operational,Caltex,Caltex,16-18 Tait Street,Smithfield,New South Wales,5,20121004, High tension power lines,-33.846179962,150.943458557
246,Fuel Depot,"A facility used for the bulk storage of petrol, oil, petroleum or other inflammable liquid for wholesale distribution and at 	which no retail trade is conducted",Fuel Depot,246,Muswellbrook,Operational,Buchannan's Bulk Fuel Supplies Pty Ltd,Caltex,1 Lower William Street,Muswellbrook,New South Wales,5,20121004,,-32.265605927,150.886726379
247,Fuel Depot,"A facility used for the bulk storage of petrol, oil, petroleum or other inflammable liquid for wholesale distribution and at 	which no retail trade is conducted",Fuel Depot,247,Ballarat,Operational,,Ampol,La Trobe Street,Ballarat,Victoria,5,20121004,"Medium Depot, Possible residential operator",-37.5704765319999,143.811172485
248,Fuel Depot,"A facility used for the bulk storage of petrol, oil, petroleum or other inflammable liquid for wholesale distribution and at 	which no retail trade is conducted",Fuel Depot,248,Bendigo,Operational,,Mobil,Sandhurst Road,Bendigo,Victoria,5,20121004,,-36.73242569,144.264862061
249,Fuel Depot,"A facility used for the bulk storage of petrol, oil, petroleum or other inflammable liquid for wholesale distribution and at 	which no retail trade is conducted",Fuel Depot,249,Moora,Operational,Reliance,BP,155 Gardiner Street,Moora,Western Australia,5,20121004,Mixed Doughnut multi fenced compounds,-30.635048866,116.008918762
250,Fuel Depot,"A facility used for the bulk storage of petrol, oil, petroleum or other inflammable liquid for wholesale distribution and at 	which no retail trade is conducted",Fuel Depot,250,Goondiwindi,Operational,,Caltex,227 Boundary Road,Goondiwindi,Queensland,5,20121004,Very Large truck Stop at least 35 truck pays. 6 truck bowsers 4 small bowsers,-28.5288562769999,150.311157227
